{

    "వార్తలు": "News",
    "బిజినెస్": "Business",
    "క్రీడలు": "Sports",
    "సినీ వినోదం" : "Cinema",
    "స్పెషల్": "Special",


    "செய்திகள்": "News",
    "வணிகம்": "Business",
    "விளையாட்டு": "Sports",
    "திரைத்துளி": "Cinema",
    "வானவில்": "Special",

    "समाचार" : "News",
    "व्यापार  जगत " : "Business",
    "खेलकूद " : "Sports",
    "मनोरंजन " : "Cinema",
    "विशेष" : "Special",

    "ಸುದ್ದಿ" : "News",
    "ವಾಣಿಜ್ಯ - ವ್ಯಾಪಾರ ": "Business",
    "ಕ್ರೀಡೆ ": "Sports",
    "ಮನರಂಜನೆ " : "Cinema",
    "ಲೇಖನಗಳು" : "Special",

    "വാർത്തകൾ" : "News",
    "വാണിജ്യം ": "Business",
    "കായികം ": "Sports",
    "സിനിമ" : "Cinema",
    "സ്‌പെഷ്യല്‍" : "Special",
    
   
    "बातमी" : "News",
    "व्यापार": "Business",
    "खेळ विश्व": "Sports",
    "मनोरंजन" : "Cinema",
    "लक्षवेधी" : "Special",

    "খবর" : "News",
    "ব্যবসা ও বাণিজ্য": "Business",
    "খেলা": "Sports",
    "বিনোদন" : "Cinema",
    "বিশেষ প্রতিবেদন" : "Special",

    "સમાચાર" : "News",
    "વ્યાપાર": "Business",
    "રમતજગત": "Sports",
    "મનોરંજન" : "Cinema",
    "ખાસ" : "Special",

    "સમાચાર" : "News",
    "વ્યાપાર": "Business",
    "રમતજગત": "Sports",
    "મનોરંજન" : "Cinema",
    "ખાસ" : "Special",

    "News" : "News",
    "Business": "Business",
    "Sports": "Sports",
    "Cinema" : "Cinema",
    "Special" : "Special"

}