{
    "రాజకీయాలు":"News",
    "బిజినెస్":"Business",
    "క్రీడలు":"Sports",
    "వినోదం":"Cinema",
    "లైఫ్‌స్టైల్ & ట్రావెల్":"Lifestyle & Travel",
    "హెల్త్ & ఫిట్‌నెస్":"Health & Fitness",
    "వ్యవసాయం":"Agriculture",
    "ఆఫ్‌బీట్":"Offbeat",
    "విద్యా & ఉద్యోగాలు":"Jobs & Education",
    "మతం నమ్మకాలు":"Religion beliefs",
    "ప్రేరణ":"Inspirational",
    "రిలేషన్‌షిప్ & లవ్":"Relationship & Love",
    "అడల్ట్ & సెక్సువల్ వెల్‌నెస్":"Adult & Sexual Wellness",
        
    "பாலிடிக்ஸ்":"News",
    "வணிகம்":"Business",
    "விளையாட்டு":"Sports",
    "எண்டர்டெய்ன்மெண்ட்":"Cinema",
    "லைப்ஸ்டைல் & டிராவல்":"Lifestyle & Travel",
    "ஹெல்த் & பிட்னஸ்":"Health & Fitness",
    "அக்ரிகல்ச்சர்":"Agriculture",
    "ஆஃப்பீட்":"Offbeat",
    "ஜாப் & எஜுகேஷன்":"Jobs & Education",
    "ரீஜினல் பிலிஃப்ஸ்":"Religion beliefs",
    "இன்ஸ்பிரேஷன்":"Inspirational",
    "ரிலேஷன்ஷிப் & லவ்":"Relationship & Love",
    "அடல்ட் & செக்ஸுவல் வெல்னஸ்":"Adult & Sexual Wellness",
        
    "राजनीति":"News",
    "व्यापार  जगत ":"Business",
    "खेलकूद ":"Sports",
    "मनोरंजन":"Cinema",
    "लाइफस्टाइल और यात्रा":"Lifestyle & Travel",
    "स्वास्थ्य और फिटनेस":"Health & Fitness",
    "कृषि":"Agriculture",
    "हटके":"Offbeat",
    "नौकरी और शिक्षा":"Jobs & Education",
    "धार्मिक विश्वास":"Religion beliefs",
    "प्रेरणादायक":"Inspirational",
    "रिश्ते और प्यार":"Relationship & Love",
    "वयस्क और यौन स्वास्थ्य":"Adult & Sexual Wellness",
        
    "ಪಾಲಿಟಿಕ್ಸ್":"News",
    "ವಾಣಿಜ್ಯ - ವ್ಯಾಪಾರ ":"Business",
    "ಕ್ರೀಡೆ ":"Sports",
    "ಎಂಟರ್ಟೆನ್ಮೆಂಟ್":"Cinema",
    "ಲೈಫ್ ಸ್ಟೈಲ್ & ಟ್ರಾವೆಲ್":"Lifestyle & Travel",
    "ಹೆಲ್ತ್ & ಫಿಟ್ನೆಸ್":"Health & Fitness",
    "ಅಗ್ರಿಕಲ್ಚರ್":"Agriculture",
    "ಆಫ್ ಬೀಟ್":"Offbeat",
    "ಜಾಬ್ಸ್ & ಎಜುಕೇಶನ್":"Jobs & Education",
    "ರಿಲಿಜಿಯನ್ ಬಿಲೀಫ್ಸ್ ":"Religion beliefs",
    "ಇನ್ಸ್ಪಿರೆಷನಲ್":"Inspirational",
    "ರಿಲೇಶನ್ ಶಿಪ್ & ಲವ್":"Relationship & Love",
    "ಅಡಲ್ಟ್ & ಸೆಕ್ಸುವಲ್ ವೆಲ್ನೆಸ್":"Adult & Sexual Wellness",
        
    "പൊളിറ്റിക്സ് ":"News",
    "വാണിജ്യം ":"Business",
    "കായികം ":"Sports",
    "എന്റർടെയിൻമെന്റ്":"Cinema",
    "ലൈഫ് സ്റ്റൈൽ & ട്രാവൽ":"Lifestyle & Travel",
    "ഹെൽത്ത് & ഫിറ്റ്നസ് ":"Health & Fitness",
    "അഗ്രികൾചർ":"Agriculture",
    "ഓഫ്ബീറ്റ്":"Offbeat",
    "ജോബ്സ് & എഡ്യുക്കേഷൻ":"Jobs & Education",
    "റിലീജിയൺ ബിലീഫ്സ് ":"Religion beliefs",
    "ഇൻസ്പിരേഷണൽ":"Inspirational",
    "റിലേഷൻഷിപ്പ് & ലൗ":"Relationship & Love",
    "അഡൽറ്റ് & സെക്ഷ്യൽ  വെൽനസ്":"Adult & Sexual Wellness",
        
    "पॉलिटिक्स":"News",
    "व्यापार":"Business",
    "खेळ विश्व":"Sports",
    "एंटरटेनमेंट":"Cinema",
    "लाईफस्टाईल & स्टाईल":"Lifestyle & Travel",
    "हेल्थ & फिटनेस":"Health & Fitness",
    "अॅग्रीकल्चर":"Agriculture",
    "ऑफबिट":"Offbeat",
    "जॉब्स & एज्युकेशन":"Jobs & Education",
    "रिलिजन बिलिफ्स":"Religion beliefs",
    "इन्पिरेशनल":"Inspirational",
    "रिलेशनशिप & लव्ह":"Relationship & Love",
    "अॅडल्ट & सेक्सुअल वेलनेस":"Adult & Sexual Wellness",
        
    "পলিটিক্স":"News",
    "ব্যবসা ও বাণিজ্য":"Business",
    "খেলা":"Sports",
    "এন্টারটেইনমেন্ট":"Cinema",
    "লাইফস্টাইল & ট্রাভেল":"Lifestyle & Travel",
    "হেল্থ & ফিটনেস":"Health & Fitness",
    "অ্যাগ্রিকালচার":"Agriculture",
    "অফবিট":"Offbeat",
    "জবস & এডুকেশন":"Jobs & Education",
    "রিলিজিয়ন বিলিভস":"Religion beliefs",
    "ইন্সপিরেশনাল":"Inspirational",
    "রিলেশনশিপ & লাভ":"Relationship & Love",
    "অ্যাডল্ট & সেক্সুয়াল ওয়েলনেস":"Adult & Sexual Wellness",
        
    "પોલિટીક્સ":"News",
    "વ્યાપાર":"Business",
    "રમતજગત":"Sports",
    "એન્ટરટેઇનમેન્ટ":"Cinema",
    "হেল্থ & ফিটনেস":"Lifestyle & Travel",
    "હેલ્થ & ફિટનેસ":"Health & Fitness",
    "એગ્રીકલ્ચર":"Agriculture",
    "ઓફ બીટ":"Offbeat",
    "જોબ & એજ્યુકેશન":"Jobs & Education",
    "રિલીઝન બીલીફ્સ":"Religion beliefs",
    "ઇન્સ્પીરીશન":"Inspirational",
    "રીલેશન & લવ":"Relationship & Love",
    "એડલ્ટ & સેક્સુઅલ":"Adult & Sexual Wellness",
        
    "News":"News",
    "Business":"Business",
    "Sports":"Sports",
    "Cinema":"Cinema",
    "Lifestyle & Travel":"Lifestyle & Travel",
    "Health & Fitness":"Health & Fitness",
    "Agriculture":"Agriculture",
    "Offbeat":"Offbeat",
    "Jobs & Education":"Jobs & Education",
    "Religion beliefs":"Religion beliefs",
    "Inspirational":"Inspirational",
    "Relationship & Love":"Relationship & Love",
    "Adult & Sexual Wellness":"Adult & Sexual Wellness"
    
}